Wrong,Right
Adams,Adams County
Arvade,Arvada
Arvado,Arvada
Auroroa,Aurora
Bellevue,Bellvue
Berthod,Berthoud
Berhoud,Berthoud
Berthond,Berthoud
Bethoud,Berthoud
Black Forrest,Black Forest
Blackforest,Black Forest
Blackforest-Colorado Springs,Black Forest
Blackhawk,Black Hawk
Bloomfield,Broomfield
Bolder,Boulder
Boluder,Boulder
Boudler,Boulder
Boulder Creek,Boulder
Bouler,Boulder
Bowmar,Bow Mar
Breckinridge, Breckenridge
Bromfield,Broomfield
Broomfiled,Broomfield
Broomnfield,Broomfield
Broomsfield,Broomfield
CaÃ±on City,Cañon City
Caã±on City,Cañon City
Cannon City,Cañon City
Canon City,Cañon City
Castlerock,Castle Rock
Centenial,Centennial
Centenniel,Centennial
Cherry Hills,Cherry Hills Village
City of Creede,Creede
Clidton,Clifton
Cliforton,Clifton
CO Springs,Colorado Springs
Co Springs,Colorado Springs
Co. Springs,Colorado Springs
Collins,Fort Collins
Colo Spgs,Colorado Springs
Colo. Spgs.,Colorado Springs
Coloado Springs,Colorado Springs
Colorado Spings,Colorado Springs
Colorad Springs,Colorado Springs
Colorado Spring,Colorado Springs
Colordo Springs,Colorado Springs
Colorodo Springs,Colorado Springs
Commerce, Commerce City
Dacona,Dacono
Delores,Dolores
Dev,Denver
Devener,Denver
Dever,Denver
Devner,Denver
Dillion,Dillon
Divide Colorado,Divide
Eckert,Orchard City
Engelwood,Englewood
Eric,Erie
Euds,Eads
Everygreen,Evergreen
F. Collins,Fort Collins
Florisant,Florissant
Florissan,Florissant
Florissont,Florissant
For Collins,Fort Collins
Fort Collina,Fort Collins
Fort Colllins,Fort Collins
Forth Collins,Fort Collins
Frederic,Frederick
Fredrick,Frederick
F Collins, Fort Collins
Ft Colins,Fort Collins
Ft Garland,Fort Garland
Ft Lupton,Fort Lupton
Ft. Collins,Fort Collins
Ft. Colllins,Fort Collins
Ft. Lupton,Fort Lupton
Ft. Colllins,Fort Collins
Gws,Glenwood Springs
Herperus,Hesperus
Highland,Highlands Ranch
Highland Ranch,Highlands Ranch
Highlands,Highlands Ranch
Highlands,Highlands Ranch
Kennesburg,Keenesburg
La Porte,Laporte
Lafaette,Lafayette
Lafayatte,Lafayette
Lafyette,Lafayette
Lakewod,Lakewood
LaPorte,Laporte
Larimer,Larimer County
LaSalle,La Salle
Layfayette,Lafayette
Litteton,Littleton
Littleton Douglas County,Littleton
Loisville,Louisville
Loiusville, Louisville
Lonetree,Lone Tree
Long Mont,Longmont
Long Mount,Longmont
Long Tree,Lone Tree
Longment,Longmont
Longmonl,Longmont
Longmount,Longmont
Louiseville,Louisville
Lousiville,Louisville
Manitou Sorings,Manitou Springs
Millikan,Milliken
Millikin,Milliken
Monitou Springs,Manitou Springs
Monte Visa,Monte Vista
Montevista,Monte Vista
Moonument,Monument
Mt. Village,Mountain Village
Mt Village, Mountain Village
Nilwot,Niwot
North Glenn,Northglenn
Nwot,Niwot
Old Snowmass,Snowmass Village
Pallsade,Palisade
Peublo,Pueblo
Pine Grove,Pine
Pinecliff,Pinecliffe
Platterville,Platteville
Rangley,Rangely
Ridgeway,Ridgway
Roxborough,Roxborough Park
Severence,Severance
Silverthorn,Silverthorne
Snowmass,Snowmass Village
Steamboaat Springs,Steamboat Springs
Steamboat,Steamboat Springs
Thorntin,Thornton
Thorton,Thornton
Thronton,Thornton
Trial Lafayette,Lafayette
U.S. Air Force Academy,Air Force Academy
USAF Academy,Air Force Academy
USAFA,Air Force Academy
Usafa,Air Force Academy
Weld,Weld County
Wesminster,Westminster
West Minster,Westminster
Westminister,Westminster
Wheatridge,Wheat Ridge
White Water,Whitewater
Windor,Windsor
Windosr,Windsor
Windson,Windsor
Winsdor,Windsor
Wooland Park,Woodland Park
